email, senha
0.6720980857888348@mail.com,user123            
0.1584730248203717@mail.com,user123            
0.36252163609086635@mail.com,user123           
0.19076215600432514@mail.com,user123           
0.19298572236370315@mail.com,user123           
0.9092069258484348@mail.com,user123            
0.024022264588850494@mail.com,user123          
0.4259504632333478@mail.com,user123            
0.091595001363772@mail.com,user123
0.43467462700050397@mail.com,user123           